"logloss";"eta";"max_depth";"subsample";"colsample_bytree";"objective";"eval_metric";"num_class";"nthread";"tree_method";"silent"
0,872085;0,1;6;0,1;0,1;"multi:softmax";"mlogloss";3;2;"auto";1
0,849957;0,1;6;0,1;0,2;"multi:softmax";"mlogloss";3;2;"auto";1
0,843569;0,1;6;0,1;0,3;"multi:softmax";"mlogloss";3;2;"auto";1
0,84304;0,1;6;0,1;0,4;"multi:softmax";"mlogloss";3;2;"auto";1
0,836476;0,1;6;0,1;0,5;"multi:softmax";"mlogloss";3;2;"auto";1
0,837956;0,1;6;0,1;0,6;"multi:softmax";"mlogloss";3;2;"auto";1
0,831949;0,1;6;0,1;0,7;"multi:softmax";"mlogloss";3;2;"auto";1
0,819937;0,1;6;0,1;0,8;"multi:softmax";"mlogloss";3;2;"auto";1
0,834026;0,1;6;0,1;0,9;"multi:softmax";"mlogloss";3;2;"auto";1
0,814901;0,1;6;0,1;1;"multi:softmax";"mlogloss";3;2;"auto";1
0,839214;0,1;6;0,2;0,1;"multi:softmax";"mlogloss";3;2;"auto";1
0,836234;0,1;6;0,2;0,2;"multi:softmax";"mlogloss";3;2;"auto";1
0,825211;0,1;6;0,2;0,3;"multi:softmax";"mlogloss";3;2;"auto";1
0,809976;0,1;6;0,2;0,4;"multi:softmax";"mlogloss";3;2;"auto";1
0,811194;0,1;6;0,2;0,5;"multi:softmax";"mlogloss";3;2;"auto";1
0,828603;0,1;6;0,2;0,6;"multi:softmax";"mlogloss";3;2;"auto";1
0,827811;0,1;6;0,2;0,7;"multi:softmax";"mlogloss";3;2;"auto";1
0,818491;0,1;6;0,2;0,8;"multi:softmax";"mlogloss";3;2;"auto";1
0,824953;0,1;6;0,2;0,9;"multi:softmax";"mlogloss";3;2;"auto";1
0,826663;0,1;6;0,2;1;"multi:softmax";"mlogloss";3;2;"auto";1
0,846794;0,1;6;0,3;0,1;"multi:softmax";"mlogloss";3;2;"auto";1
0,828444;0,1;6;0,3;0,2;"multi:softmax";"mlogloss";3;2;"auto";1
0,827034;0,1;6;0,3;0,3;"multi:softmax";"mlogloss";3;2;"auto";1
0,819718;0,1;6;0,3;0,4;"multi:softmax";"mlogloss";3;2;"auto";1
0,81116;0,1;6;0,3;0,5;"multi:softmax";"mlogloss";3;2;"auto";1
0,819715;0,1;6;0,3;0,6;"multi:softmax";"mlogloss";3;2;"auto";1
0,819258;0,1;6;0,3;0,7;"multi:softmax";"mlogloss";3;2;"auto";1
0,805389;0,1;6;0,3;0,8;"multi:softmax";"mlogloss";3;2;"auto";1
0,81464;0,1;6;0,3;0,9;"multi:softmax";"mlogloss";3;2;"auto";1
0,811732;0,1;6;0,3;1;"multi:softmax";"mlogloss";3;2;"auto";1
0,848797;0,1;6;0,4;0,1;"multi:softmax";"mlogloss";3;2;"auto";1
0,83289;0,1;6;0,4;0,2;"multi:softmax";"mlogloss";3;2;"auto";1
0,818913;0,1;6;0,4;0,3;"multi:softmax";"mlogloss";3;2;"auto";1
0,813166;0,1;6;0,4;0,4;"multi:softmax";"mlogloss";3;2;"auto";1
0,817303;0,1;6;0,4;0,5;"multi:softmax";"mlogloss";3;2;"auto";1
0,818008;0,1;6;0,4;0,6;"multi:softmax";"mlogloss";3;2;"auto";1
0,816671;0,1;6;0,4;0,7;"multi:softmax";"mlogloss";3;2;"auto";1
0,823129;0,1;6;0,4;0,8;"multi:softmax";"mlogloss";3;2;"auto";1
0,816575;0,1;6;0,4;0,9;"multi:softmax";"mlogloss";3;2;"auto";1
0,812913;0,1;6;0,4;1;"multi:softmax";"mlogloss";3;2;"auto";1
0,835492;0,1;6;0,5;0,1;"multi:softmax";"mlogloss";3;2;"auto";1
0,817646;0,1;6;0,5;0,2;"multi:softmax";"mlogloss";3;2;"auto";1
0,822425;0,1;6;0,5;0,3;"multi:softmax";"mlogloss";3;2;"auto";1
0,821972;0,1;6;0,5;0,4;"multi:softmax";"mlogloss";3;2;"auto";1
0,81201;0,1;6;0,5;0,5;"multi:softmax";"mlogloss";3;2;"auto";1
0,812121;0,1;6;0,5;0,6;"multi:softmax";"mlogloss";3;2;"auto";1
0,814319;0,1;6;0,5;0,7;"multi:softmax";"mlogloss";3;2;"auto";1
0,82073;0,1;6;0,5;0,8;"multi:softmax";"mlogloss";3;2;"auto";1
0,817841;0,1;6;0,5;0,9;"multi:softmax";"mlogloss";3;2;"auto";1
0,808953;0,1;6;0,5;1;"multi:softmax";"mlogloss";3;2;"auto";1
0,838671;0,1;6;0,6;0,1;"multi:softmax";"mlogloss";3;2;"auto";1
0,822326;0,1;6;0,6;0,2;"multi:softmax";"mlogloss";3;2;"auto";1
0,81406;0,1;6;0,6;0,3;"multi:softmax";"mlogloss";3;2;"auto";1
0,815107;0,1;6;0,6;0,4;"multi:softmax";"mlogloss";3;2;"auto";1
0,819005;0,1;6;0,6;0,5;"multi:softmax";"mlogloss";3;2;"auto";1
0,815696;0,1;6;0,6;0,6;"multi:softmax";"mlogloss";3;2;"auto";1
0,810893;0,1;6;0,6;0,7;"multi:softmax";"mlogloss";3;2;"auto";1
0,820418;0,1;6;0,6;0,8;"multi:softmax";"mlogloss";3;2;"auto";1
0,817613;0,1;6;0,6;0,9;"multi:softmax";"mlogloss";3;2;"auto";1
0,820275;0,1;6;0,6;1;"multi:softmax";"mlogloss";3;2;"auto";1
0,841746;0,1;6;0,7;0,1;"multi:softmax";"mlogloss";3;2;"auto";1
0,822641;0,1;6;0,7;0,2;"multi:softmax";"mlogloss";3;2;"auto";1
0,832111;0,1;6;0,7;0,3;"multi:softmax";"mlogloss";3;2;"auto";1
0,825057;0,1;6;0,7;0,4;"multi:softmax";"mlogloss";3;2;"auto";1
0,811156;0,1;6;0,7;0,5;"multi:softmax";"mlogloss";3;2;"auto";1
0,823882;0,1;6;0,7;0,6;"multi:softmax";"mlogloss";3;2;"auto";1
0,805605;0,1;6;0,7;0,7;"multi:softmax";"mlogloss";3;2;"auto";1
0,821433;0,1;6;0,7;0,8;"multi:softmax";"mlogloss";3;2;"auto";1
0,817848;0,1;6;0,7;0,9;"multi:softmax";"mlogloss";3;2;"auto";1
0,819712;0,1;6;0,7;1;"multi:softmax";"mlogloss";3;2;"auto";1
0,837627;0,1;6;0,8;0,1;"multi:softmax";"mlogloss";3;2;"auto";1
0,822992;0,1;6;0,8;0,2;"multi:softmax";"mlogloss";3;2;"auto";1
0,814796;0,1;6;0,8;0,3;"multi:softmax";"mlogloss";3;2;"auto";1
0,821904;0,1;6;0,8;0,4;"multi:softmax";"mlogloss";3;2;"auto";1
0,814394;0,1;6;0,8;0,5;"multi:softmax";"mlogloss";3;2;"auto";1
0,817834;0,1;6;0,8;0,6;"multi:softmax";"mlogloss";3;2;"auto";1
0,820281;0,1;6;0,8;0,7;"multi:softmax";"mlogloss";3;2;"auto";1
0,820407;0,1;6;0,8;0,8;"multi:softmax";"mlogloss";3;2;"auto";1
0,812036;0,1;6;0,8;0,9;"multi:softmax";"mlogloss";3;2;"auto";1
0,823181;0,1;6;0,8;1;"multi:softmax";"mlogloss";3;2;"auto";1
0,833006;0,1;6;0,9;0,1;"multi:softmax";"mlogloss";3;2;"auto";1
0,821433;0,1;6;0,9;0,2;"multi:softmax";"mlogloss";3;2;"auto";1
0,817844;0,1;6;0,9;0,3;"multi:softmax";"mlogloss";3;2;"auto";1
0,824396;0,1;6;0,9;0,4;"multi:softmax";"mlogloss";3;2;"auto";1
0,81902;0,1;6;0,9;0,5;"multi:softmax";"mlogloss";3;2;"auto";1
0,82143;0,1;6;0,9;0,6;"multi:softmax";"mlogloss";3;2;"auto";1
0,819394;0,1;6;0,9;0,7;"multi:softmax";"mlogloss";3;2;"auto";1
0,817816;0,1;6;0,9;0,8;"multi:softmax";"mlogloss";3;2;"auto";1
0,813892;0,1;6;0,9;0,9;"multi:softmax";"mlogloss";3;2;"auto";1
0,813056;0,1;6;0,9;1;"multi:softmax";"mlogloss";3;2;"auto";1
0,831896;0,1;6;1;0,1;"multi:softmax";"mlogloss";3;2;"auto";1
0,828779;0,1;6;1;0,2;"multi:softmax";"mlogloss";3;2;"auto";1
0,819961;0,1;6;1;0,3;"multi:softmax";"mlogloss";3;2;"auto";1
0,81855;0,1;6;1;0,4;"multi:softmax";"mlogloss";3;2;"auto";1
0,819378;0,1;6;1;0,5;"multi:softmax";"mlogloss";3;2;"auto";1
0,820913;0,1;6;1;0,6;"multi:softmax";"mlogloss";3;2;"auto";1
0,818023;0,1;6;1;0,7;"multi:softmax";"mlogloss";3;2;"auto";1
0,819574;0,1;6;1;0,8;"multi:softmax";"mlogloss";3;2;"auto";1
0,821167;0,1;6;1;0,9;"multi:softmax";"mlogloss";3;2;"auto";1
0,817883;0,1;6;1;1;"multi:softmax";"mlogloss";3;2;"auto";1
0,865579;0,1;8;0,1;0,1;"multi:softmax";"mlogloss";3;2;"auto";1
0,833785;0,1;8;0,1;0,2;"multi:softmax";"mlogloss";3;2;"auto";1
0,846845;0,1;8;0,1;0,3;"multi:softmax";"mlogloss";3;2;"auto";1
0,826787;0,1;8;0,1;0,4;"multi:softmax";"mlogloss";3;2;"auto";1
0,826129;0,1;8;0,1;0,5;"multi:softmax";"mlogloss";3;2;"auto";1
0,819914;0,1;8;0,1;0,6;"multi:softmax";"mlogloss";3;2;"auto";1
0,829571;0,1;8;0,1;0,7;"multi:softmax";"mlogloss";3;2;"auto";1
0,818201;0,1;8;0,1;0,8;"multi:softmax";"mlogloss";3;2;"auto";1
0,823203;0,1;8;0,1;0,9;"multi:softmax";"mlogloss";3;2;"auto";1
0,815998;0,1;8;0,1;1;"multi:softmax";"mlogloss";3;2;"auto";1
0,840206;0,1;8;0,2;0,1;"multi:softmax";"mlogloss";3;2;"auto";1
0,820498;0,1;8;0,2;0,2;"multi:softmax";"mlogloss";3;2;"auto";1
0,819258;0,1;8;0,2;0,3;"multi:softmax";"mlogloss";3;2;"auto";1
0,815929;0,1;8;0,2;0,4;"multi:softmax";"mlogloss";3;2;"auto";1
0,801769;0,1;8;0,2;0,5;"multi:softmax";"mlogloss";3;2;"auto";1
0,804583;0,1;8;0,2;0,6;"multi:softmax";"mlogloss";3;2;"auto";1
0,814256;0,1;8;0,2;0,7;"multi:softmax";"mlogloss";3;2;"auto";1
0,819818;0,1;8;0,2;0,8;"multi:softmax";"mlogloss";3;2;"auto";1
0,80833;0,1;8;0,2;0,9;"multi:softmax";"mlogloss";3;2;"auto";1
0,819744;0,1;8;0,2;1;"multi:softmax";"mlogloss";3;2;"auto";1
0,839145;0,1;8;0,3;0,1;"multi:softmax";"mlogloss";3;2;"auto";1
0,815738;0,1;8;0,3;0,2;"multi:softmax";"mlogloss";3;2;"auto";1
0,81434;0,1;8;0,3;0,3;"multi:softmax";"mlogloss";3;2;"auto";1
0,81877;0,1;8;0,3;0,4;"multi:softmax";"mlogloss";3;2;"auto";1
0,813873;0,1;8;0,3;0,5;"multi:softmax";"mlogloss";3;2;"auto";1
0,805477;0,1;8;0,3;0,6;"multi:softmax";"mlogloss";3;2;"auto";1
0,80512;0,1;8;0,3;0,7;"multi:softmax";"mlogloss";3;2;"auto";1
0,804004;0,1;8;0,3;0,8;"multi:softmax";"mlogloss";3;2;"auto";1
0,801991;0,1;8;0,3;0,9;"multi:softmax";"mlogloss";3;2;"auto";1
0,79962;0,1;8;0,3;1;"multi:softmax";"mlogloss";3;2;"auto";1
0,834756;0,1;8;0,4;0,1;"multi:softmax";"mlogloss";3;2;"auto";1
0,81286;0,1;8;0,4;0,2;"multi:softmax";"mlogloss";3;2;"auto";1
0,809854;0,1;8;0,4;0,3;"multi:softmax";"mlogloss";3;2;"auto";1
0,804604;0,1;8;0,4;0,4;"multi:softmax";"mlogloss";3;2;"auto";1
0,809323;0,1;8;0,4;0,5;"multi:softmax";"mlogloss";3;2;"auto";1
0,808306;0,1;8;0,4;0,6;"multi:softmax";"mlogloss";3;2;"auto";1
0,802532;0,1;8;0,4;0,7;"multi:softmax";"mlogloss";3;2;"auto";1
0,806461;0,1;8;0,4;0,8;"multi:softmax";"mlogloss";3;2;"auto";1
0,80346;0,1;8;0,4;0,9;"multi:softmax";"mlogloss";3;2;"auto";1
0,804399;0,1;8;0,4;1;"multi:softmax";"mlogloss";3;2;"auto";1
0,8217;0,1;8;0,5;0,1;"multi:softmax";"mlogloss";3;2;"auto";1
0,807678;0,1;8;0,5;0,2;"multi:softmax";"mlogloss";3;2;"auto";1
0,817831;0,1;8;0,5;0,3;"multi:softmax";"mlogloss";3;2;"auto";1
0,807987;0,1;8;0,5;0,4;"multi:softmax";"mlogloss";3;2;"auto";1
0,806323;0,1;8;0,5;0,5;"multi:softmax";"mlogloss";3;2;"auto";1
0,807588;0,1;8;0,5;0,6;"multi:softmax";"mlogloss";3;2;"auto";1
0,815161;0,1;8;0,5;0,7;"multi:softmax";"mlogloss";3;2;"auto";1
0,816163;0,1;8;0,5;0,8;"multi:softmax";"mlogloss";3;2;"auto";1
0,804851;0,1;8;0,5;0,9;"multi:softmax";"mlogloss";3;2;"auto";1
0,808806;0,1;8;0,5;1;"multi:softmax";"mlogloss";3;2;"auto";1
0,82761;0,1;8;0,6;0,1;"multi:softmax";"mlogloss";3;2;"auto";1
0,812631;0,1;8;0,6;0,2;"multi:softmax";"mlogloss";3;2;"auto";1
0,811138;0,1;8;0,6;0,3;"multi:softmax";"mlogloss";3;2;"auto";1
0,80638;0,1;8;0,6;0,4;"multi:softmax";"mlogloss";3;2;"auto";1
0,797899;0,1;8;0,6;0,5;"multi:softmax";"mlogloss";3;2;"auto";1
0,805863;0,1;8;0,6;0,6;"multi:softmax";"mlogloss";3;2;"auto";1
0,809503;0,1;8;0,6;0,7;"multi:softmax";"mlogloss";3;2;"auto";1
0,796218;0,1;8;0,6;0,8;"multi:softmax";"mlogloss";3;2;"auto";1
0,804651;0,1;8;0,6;0,9;"multi:softmax";"mlogloss";3;2;"auto";1
0,815691;0,1;8;0,6;1;"multi:softmax";"mlogloss";3;2;"auto";1
0,82854;0,1;8;0,7;0,1;"multi:softmax";"mlogloss";3;2;"auto";1
0,80985;0,1;8;0,7;0,2;"multi:softmax";"mlogloss";3;2;"auto";1
0,809891;0,1;8;0,7;0,3;"multi:softmax";"mlogloss";3;2;"auto";1
0,808558;0,1;8;0,7;0,4;"multi:softmax";"mlogloss";3;2;"auto";1
0,817738;0,1;8;0,7;0,5;"multi:softmax";"mlogloss";3;2;"auto";1
0,811869;0,1;8;0,7;0,6;"multi:softmax";"mlogloss";3;2;"auto";1
0,812905;0,1;8;0,7;0,7;"multi:softmax";"mlogloss";3;2;"auto";1
0,810286;0,1;8;0,7;0,8;"multi:softmax";"mlogloss";3;2;"auto";1
0,807505;0,1;8;0,7;0,9;"multi:softmax";"mlogloss";3;2;"auto";1
0,80742;0,1;8;0,7;1;"multi:softmax";"mlogloss";3;2;"auto";1
0,831234;0,1;8;0,8;0,1;"multi:softmax";"mlogloss";3;2;"auto";1
0,814169;0,1;8;0,8;0,2;"multi:softmax";"mlogloss";3;2;"auto";1
0,815481;0,1;8;0,8;0,3;"multi:softmax";"mlogloss";3;2;"auto";1
0,810629;0,1;8;0,8;0,4;"multi:softmax";"mlogloss";3;2;"auto";1
0,802264;0,1;8;0,8;0,5;"multi:softmax";"mlogloss";3;2;"auto";1
0,801331;0,1;8;0,8;0,6;"multi:softmax";"mlogloss";3;2;"auto";1
0,801343;0,1;8;0,8;0,7;"multi:softmax";"mlogloss";3;2;"auto";1
0,807249;0,1;8;0,8;0,8;"multi:softmax";"mlogloss";3;2;"auto";1
0,812531;0,1;8;0,8;0,9;"multi:softmax";"mlogloss";3;2;"auto";1
0,812652;0,1;8;0,8;1;"multi:softmax";"mlogloss";3;2;"auto";1
0,821596;0,1;8;0,9;0,1;"multi:softmax";"mlogloss";3;2;"auto";1
0,808731;0,1;8;0,9;0,2;"multi:softmax";"mlogloss";3;2;"auto";1
0,811915;0,1;8;0,9;0,3;"multi:softmax";"mlogloss";3;2;"auto";1
0,809276;0,1;8;0,9;0,4;"multi:softmax";"mlogloss";3;2;"auto";1
0,807523;0,1;8;0,9;0,5;"multi:softmax";"mlogloss";3;2;"auto";1
0,80759;0,1;8;0,9;0,6;"multi:softmax";"mlogloss";3;2;"auto";1
0,811874;0,1;8;0,9;0,7;"multi:softmax";"mlogloss";3;2;"auto";1
0,807494;0,1;8;0,9;0,8;"multi:softmax";"mlogloss";3;2;"auto";1
0,80964;0,1;8;0,9;0,9;"multi:softmax";"mlogloss";3;2;"auto";1
0,816042;0,1;8;0,9;1;"multi:softmax";"mlogloss";3;2;"auto";1
0,821778;0,1;8;1;0,1;"multi:softmax";"mlogloss";3;2;"auto";1
0,804663;0,1;8;1;0,2;"multi:softmax";"mlogloss";3;2;"auto";1
0,813564;0,1;8;1;0,3;"multi:softmax";"mlogloss";3;2;"auto";1
0,8118;0,1;8;1;0,4;"multi:softmax";"mlogloss";3;2;"auto";1
0,812919;0,1;8;1;0,5;"multi:softmax";"mlogloss";3;2;"auto";1
0,8059;0,1;8;1;0,6;"multi:softmax";"mlogloss";3;2;"auto";1
0,814181;0,1;8;1;0,7;"multi:softmax";"mlogloss";3;2;"auto";1
0,809689;0,1;8;1;0,8;"multi:softmax";"mlogloss";3;2;"auto";1
0,806677;0,1;8;1;0,9;"multi:softmax";"mlogloss";3;2;"auto";1
0,815747;0,1;8;1;1;"multi:softmax";"mlogloss";3;2;"auto";1
0,86306;0,1;10;0,1;0,1;"multi:softmax";"mlogloss";3;2;"auto";1
0,84792;0,1;10;0,1;0,2;"multi:softmax";"mlogloss";3;2;"auto";1
0,839562;0,1;10;0,1;0,3;"multi:softmax";"mlogloss";3;2;"auto";1
0,826927;0,1;10;0,1;0,4;"multi:softmax";"mlogloss";3;2;"auto";1
0,827882;0,1;10;0,1;0,5;"multi:softmax";"mlogloss";3;2;"auto";1
0,82275;0,1;10;0,1;0,6;"multi:softmax";"mlogloss";3;2;"auto";1
0,817817;0,1;10;0,1;0,7;"multi:softmax";"mlogloss";3;2;"auto";1
0,819886;0,1;10;0,1;0,8;"multi:softmax";"mlogloss";3;2;"auto";1
0,823189;0,1;10;0,1;0,9;"multi:softmax";"mlogloss";3;2;"auto";1
0,830635;0,1;10;0,1;1;"multi:softmax";"mlogloss";3;2;"auto";1
0,83759;0,1;10;0,2;0,1;"multi:softmax";"mlogloss";3;2;"auto";1
0,807679;0,1;10;0,2;0,2;"multi:softmax";"mlogloss";3;2;"auto";1
0,817207;0,1;10;0,2;0,3;"multi:softmax";"mlogloss";3;2;"auto";1
0,802223;0,1;10;0,2;0,4;"multi:softmax";"mlogloss";3;2;"auto";1
0,803652;0,1;10;0,2;0,5;"multi:softmax";"mlogloss";3;2;"auto";1
0,807423;0,1;10;0,2;0,6;"multi:softmax";"mlogloss";3;2;"auto";1
0,810632;0,1;10;0,2;0,7;"multi:softmax";"mlogloss";3;2;"auto";1
0,811611;0,1;10;0,2;0,8;"multi:softmax";"mlogloss";3;2;"auto";1
0,80206;0,1;10;0,2;0,9;"multi:softmax";"mlogloss";3;2;"auto";1
0,814289;0,1;10;0,2;1;"multi:softmax";"mlogloss";3;2;"auto";1
0,830973;0,1;10;0,3;0,1;"multi:softmax";"mlogloss";3;2;"auto";1
0,810186;0,1;10;0,3;0,2;"multi:softmax";"mlogloss";3;2;"auto";1
0,805316;0,1;10;0,3;0,3;"multi:softmax";"mlogloss";3;2;"auto";1
0,808214;0,1;10;0,3;0,4;"multi:softmax";"mlogloss";3;2;"auto";1
0,810028;0,1;10;0,3;0,5;"multi:softmax";"mlogloss";3;2;"auto";1
0,798084;0,1;10;0,3;0,6;"multi:softmax";"mlogloss";3;2;"auto";1
0,78934;0,1;10;0,3;0,7;"multi:softmax";"mlogloss";3;2;"auto";1
0,797048;0,1;10;0,3;0,8;"multi:softmax";"mlogloss";3;2;"auto";1
0,803299;0,1;10;0,3;0,9;"multi:softmax";"mlogloss";3;2;"auto";1
0,802743;0,1;10;0,3;1;"multi:softmax";"mlogloss";3;2;"auto";1
0,824945;0,1;10;0,4;0,1;"multi:softmax";"mlogloss";3;2;"auto";1
0,812199;0,1;10;0,4;0,2;"multi:softmax";"mlogloss";3;2;"auto";1
0,803406;0,1;10;0,4;0,3;"multi:softmax";"mlogloss";3;2;"auto";1
0,799469;0,1;10;0,4;0,4;"multi:softmax";"mlogloss";3;2;"auto";1
0,813315;0,1;10;0,4;0,5;"multi:softmax";"mlogloss";3;2;"auto";1
0,79641;0,1;10;0,4;0,6;"multi:softmax";"mlogloss";3;2;"auto";1
0,79838;0,1;10;0,4;0,7;"multi:softmax";"mlogloss";3;2;"auto";1
0,806765;0,1;10;0,4;0,8;"multi:softmax";"mlogloss";3;2;"auto";1
0,80095;0,1;10;0,4;0,9;"multi:softmax";"mlogloss";3;2;"auto";1
0,804002;0,1;10;0,4;1;"multi:softmax";"mlogloss";3;2;"auto";1
0,819303;0,1;10;0,5;0,1;"multi:softmax";"mlogloss";3;2;"auto";1
0,80153;0,1;10;0,5;0,2;"multi:softmax";"mlogloss";3;2;"auto";1
0,800079;0,1;10;0,5;0,3;"multi:softmax";"mlogloss";3;2;"auto";1
0,799667;0,1;10;0,5;0,4;"multi:softmax";"mlogloss";3;2;"auto";1
0,791474;0,1;10;0,5;0,5;"multi:softmax";"mlogloss";3;2;"auto";1
0,80173;0,1;10;0,5;0,6;"multi:softmax";"mlogloss";3;2;"auto";1
0,796;0,1;10;0,5;0,7;"multi:softmax";"mlogloss";3;2;"auto";1
0,805428;0,1;10;0,5;0,8;"multi:softmax";"mlogloss";3;2;"auto";1
0,799807;0,1;10;0,5;0,9;"multi:softmax";"mlogloss";3;2;"auto";1
0,798469;0,1;10;0,5;1;"multi:softmax";"mlogloss";3;2;"auto";1
0,822897;0,1;10;0,6;0,1;"multi:softmax";"mlogloss";3;2;"auto";1
0,803468;0,1;10;0,6;0,2;"multi:softmax";"mlogloss";3;2;"auto";1
0,803621;0,1;10;0,6;0,3;"multi:softmax";"mlogloss";3;2;"auto";1
0,804877;0,1;10;0,6;0,4;"multi:softmax";"mlogloss";3;2;"auto";1
0,795883;0,1;10;0,6;0,5;"multi:softmax";"mlogloss";3;2;"auto";1
0,80274;0,1;10;0,6;0,6;"multi:softmax";"mlogloss";3;2;"auto";1
0,811019;0,1;10;0,6;0,7;"multi:softmax";"mlogloss";3;2;"auto";1
0,793484;0,1;10;0,6;0,8;"multi:softmax";"mlogloss";3;2;"auto";1
0,805793;0,1;10;0,6;0,9;"multi:softmax";"mlogloss";3;2;"auto";1
0,80292;0,1;10;0,6;1;"multi:softmax";"mlogloss";3;2;"auto";1
0,826095;0,1;10;0,7;0,1;"multi:softmax";"mlogloss";3;2;"auto";1
0,807544;0,1;10;0,7;0,2;"multi:softmax";"mlogloss";3;2;"auto";1
0,796117;0,1;10;0,7;0,3;"multi:softmax";"mlogloss";3;2;"auto";1
0,80119;0,1;10;0,7;0,4;"multi:softmax";"mlogloss";3;2;"auto";1
0,810739;0,1;10;0,7;0,5;"multi:softmax";"mlogloss";3;2;"auto";1
0,79862;0,1;10;0,7;0,6;"multi:softmax";"mlogloss";3;2;"auto";1
0,808699;0,1;10;0,7;0,7;"multi:softmax";"mlogloss";3;2;"auto";1
0,807696;0,1;10;0,7;0,8;"multi:softmax";"mlogloss";3;2;"auto";1
0,805648;0,1;10;0,7;0,9;"multi:softmax";"mlogloss";3;2;"auto";1
0,806249;0,1;10;0,7;1;"multi:softmax";"mlogloss";3;2;"auto";1
0,811233;0,1;10;0,8;0,1;"multi:softmax";"mlogloss";3;2;"auto";1
0,799917;0,1;10;0,8;0,2;"multi:softmax";"mlogloss";3;2;"auto";1
0,795282;0,1;10;0,8;0,3;"multi:softmax";"mlogloss";3;2;"auto";1
0,803199;0,1;10;0,8;0,4;"multi:softmax";"mlogloss";3;2;"auto";1
0,803679;0,1;10;0,8;0,5;"multi:softmax";"mlogloss";3;2;"auto";1
0,802918;0,1;10;0,8;0,6;"multi:softmax";"mlogloss";3;2;"auto";1
0,797759;0,1;10;0,8;0,7;"multi:softmax";"mlogloss";3;2;"auto";1
0,796231;0,1;10;0,8;0,8;"multi:softmax";"mlogloss";3;2;"auto";1
0,802434;0,1;10;0,8;0,9;"multi:softmax";"mlogloss";3;2;"auto";1
0,808331;0,1;10;0,8;1;"multi:softmax";"mlogloss";3;2;"auto";1
0,81608;0,1;10;0,9;0,1;"multi:softmax";"mlogloss";3;2;"auto";1
0,796914;0,1;10;0,9;0,2;"multi:softmax";"mlogloss";3;2;"auto";1
0,803106;0,1;10;0,9;0,3;"multi:softmax";"mlogloss";3;2;"auto";1
0,795657;0,1;10;0,9;0,4;"multi:softmax";"mlogloss";3;2;"auto";1
0,801454;0,1;10;0,9;0,5;"multi:softmax";"mlogloss";3;2;"auto";1
0,810078;0,1;10;0,9;0,6;"multi:softmax";"mlogloss";3;2;"auto";1
0,803456;0,1;10;0,9;0,7;"multi:softmax";"mlogloss";3;2;"auto";1
0,805086;0,1;10;0,9;0,8;"multi:softmax";"mlogloss";3;2;"auto";1
0,801504;0,1;10;0,9;0,9;"multi:softmax";"mlogloss";3;2;"auto";1
0,808396;0,1;10;0,9;1;"multi:softmax";"mlogloss";3;2;"auto";1
0,823636;0,1;10;1;0,1;"multi:softmax";"mlogloss";3;2;"auto";1
0,804168;0,1;10;1;0,2;"multi:softmax";"mlogloss";3;2;"auto";1
0,800797;0,1;10;1;0,3;"multi:softmax";"mlogloss";3;2;"auto";1
0,803458;0,1;10;1;0,4;"multi:softmax";"mlogloss";3;2;"auto";1
0,802524;0,1;10;1;0,5;"multi:softmax";"mlogloss";3;2;"auto";1
0,806718;0,1;10;1;0,6;"multi:softmax";"mlogloss";3;2;"auto";1
0,807236;0,1;10;1;0,7;"multi:softmax";"mlogloss";3;2;"auto";1
0,809374;0,1;10;1;0,8;"multi:softmax";"mlogloss";3;2;"auto";1
0,813485;0,1;10;1;0,9;"multi:softmax";"mlogloss";3;2;"auto";1
0,808228;0,1;10;1;1;"multi:softmax";"mlogloss";3;2;"auto";1
0,875549;0,1;12;0,1;0,1;"multi:softmax";"mlogloss";3;2;"auto";1
0,848228;0,1;12;0,1;0,2;"multi:softmax";"mlogloss";3;2;"auto";1
0,822651;0,1;12;0,1;0,3;"multi:softmax";"mlogloss";3;2;"auto";1
0,832897;0,1;12;0,1;0,4;"multi:softmax";"mlogloss";3;2;"auto";1
0,820706;0,1;12;0,1;0,5;"multi:softmax";"mlogloss";3;2;"auto";1
0,822605;0,1;12;0,1;0,6;"multi:softmax";"mlogloss";3;2;"auto";1
0,818669;0,1;12;0,1;0,7;"multi:softmax";"mlogloss";3;2;"auto";1
0,814934;0,1;12;0,1;0,8;"multi:softmax";"mlogloss";3;2;"auto";1
0,81315;0,1;12;0,1;0,9;"multi:softmax";"mlogloss";3;2;"auto";1
0,817772;0,1;12;0,1;1;"multi:softmax";"mlogloss";3;2;"auto";1
0,835805;0,1;12;0,2;0,1;"multi:softmax";"mlogloss";3;2;"auto";1
0,816685;0,1;12;0,2;0,2;"multi:softmax";"mlogloss";3;2;"auto";1
0,802292;0,1;12;0,2;0,3;"multi:softmax";"mlogloss";3;2;"auto";1
0,814989;0,1;12;0,2;0,4;"multi:softmax";"mlogloss";3;2;"auto";1
0,807407;0,1;12;0,2;0,5;"multi:softmax";"mlogloss";3;2;"auto";1
0,801328;0,1;12;0,2;0,6;"multi:softmax";"mlogloss";3;2;"auto";1
0,8114;0,1;12;0,2;0,7;"multi:softmax";"mlogloss";3;2;"auto";1
0,807561;0,1;12;0,2;0,8;"multi:softmax";"mlogloss";3;2;"auto";1
0,803659;0,1;12;0,2;0,9;"multi:softmax";"mlogloss";3;2;"auto";1
0,80793;0,1;12;0,2;1;"multi:softmax";"mlogloss";3;2;"auto";1
0,824485;0,1;12;0,3;0,1;"multi:softmax";"mlogloss";3;2;"auto";1
0,80573;0,1;12;0,3;0,2;"multi:softmax";"mlogloss";3;2;"auto";1
0,811515;0,1;12;0,3;0,3;"multi:softmax";"mlogloss";3;2;"auto";1
0,796815;0,1;12;0,3;0,4;"multi:softmax";"mlogloss";3;2;"auto";1
0,790233;0,1;12;0,3;0,5;"multi:softmax";"mlogloss";3;2;"auto";1
0,798837;0,1;12;0,3;0,6;"multi:softmax";"mlogloss";3;2;"auto";1
0,805173;0,1;12;0,3;0,7;"multi:softmax";"mlogloss";3;2;"auto";1
0,803918;0,1;12;0,3;0,8;"multi:softmax";"mlogloss";3;2;"auto";1
0,807959;0,1;12;0,3;0,9;"multi:softmax";"mlogloss";3;2;"auto";1
0,801539;0,1;12;0,3;1;"multi:softmax";"mlogloss";3;2;"auto";1
0,824074;0,1;12;0,4;0,1;"multi:softmax";"mlogloss";3;2;"auto";1
0,808548;0,1;12;0,4;0,2;"multi:softmax";"mlogloss";3;2;"auto";1
0,801386;0,1;12;0,4;0,3;"multi:softmax";"mlogloss";3;2;"auto";1
0,799164;0,1;12;0,4;0,4;"multi:softmax";"mlogloss";3;2;"auto";1
0,788764;0,1;12;0,4;0,5;"multi:softmax";"mlogloss";3;2;"auto";1
0,793173;0,1;12;0,4;0,6;"multi:softmax";"mlogloss";3;2;"auto";1
0,80216;0,1;12;0,4;0,7;"multi:softmax";"mlogloss";3;2;"auto";1
0,805516;0,1;12;0,4;0,8;"multi:softmax";"mlogloss";3;2;"auto";1
0,802539;0,1;12;0,4;0,9;"multi:softmax";"mlogloss";3;2;"auto";1
0,807178;0,1;12;0,4;1;"multi:softmax";"mlogloss";3;2;"auto";1
0,806485;0,1;12;0,5;0,1;"multi:softmax";"mlogloss";3;2;"auto";1
0,806344;0,1;12;0,5;0,2;"multi:softmax";"mlogloss";3;2;"auto";1
0,797619;0,1;12;0,5;0,3;"multi:softmax";"mlogloss";3;2;"auto";1
0,796394;0,1;12;0,5;0,4;"multi:softmax";"mlogloss";3;2;"auto";1
0,793417;0,1;12;0,5;0,5;"multi:softmax";"mlogloss";3;2;"auto";1
0,796343;0,1;12;0,5;0,6;"multi:softmax";"mlogloss";3;2;"auto";1
0,799291;0,1;12;0,5;0,7;"multi:softmax";"mlogloss";3;2;"auto";1
0,789639;0,1;12;0,5;0,8;"multi:softmax";"mlogloss";3;2;"auto";1
0,796875;0,1;12;0,5;0,9;"multi:softmax";"mlogloss";3;2;"auto";1
0,809443;0,1;12;0,5;1;"multi:softmax";"mlogloss";3;2;"auto";1
0,824733;0,1;12;0,6;0,1;"multi:softmax";"mlogloss";3;2;"auto";1
0,792675;0,1;12;0,6;0,2;"multi:softmax";"mlogloss";3;2;"auto";1
0,787732;0,1;12;0,6;0,3;"multi:softmax";"mlogloss";3;2;"auto";1
0,799622;0,1;12;0,6;0,4;"multi:softmax";"mlogloss";3;2;"auto";1
0,790436;0,1;12;0,6;0,5;"multi:softmax";"mlogloss";3;2;"auto";1
0,800797;0,1;12;0,6;0,6;"multi:softmax";"mlogloss";3;2;"auto";1
0,790683;0,1;12;0,6;0,7;"multi:softmax";"mlogloss";3;2;"auto";1
0,78931;0,1;12;0,6;0,8;"multi:softmax";"mlogloss";3;2;"auto";1
0,788366;0,1;12;0,6;0,9;"multi:softmax";"mlogloss";3;2;"auto";1
0,807204;0,1;12;0,6;1;"multi:softmax";"mlogloss";3;2;"auto";1
0,80766;0,1;12;0,7;0,1;"multi:softmax";"mlogloss";3;2;"auto";1
0,801656;0,1;12;0,7;0,2;"multi:softmax";"mlogloss";3;2;"auto";1
0,78609;0,1;12;0,7;0,3;"multi:softmax";"mlogloss";3;2;"auto";1
0,788083;0,1;12;0,7;0,4;"multi:softmax";"mlogloss";3;2;"auto";1
0,798289;0,1;12;0,7;0,5;"multi:softmax";"mlogloss";3;2;"auto";1
0,7966;0,1;12;0,7;0,6;"multi:softmax";"mlogloss";3;2;"auto";1
0,804415;0,1;12;0,7;0,7;"multi:softmax";"mlogloss";3;2;"auto";1
0,806138;0,1;12;0,7;0,8;"multi:softmax";"mlogloss";3;2;"auto";1
0,801462;0,1;12;0,7;0,9;"multi:softmax";"mlogloss";3;2;"auto";1
0,802963;0,1;12;0,7;1;"multi:softmax";"mlogloss";3;2;"auto";1
0,80627;0,1;12;0,8;0,1;"multi:softmax";"mlogloss";3;2;"auto";1
0,797225;0,1;12;0,8;0,2;"multi:softmax";"mlogloss";3;2;"auto";1
0,792062;0,1;12;0,8;0,3;"multi:softmax";"mlogloss";3;2;"auto";1
0,784377;0,1;12;0,8;0,4;"multi:softmax";"mlogloss";3;2;"auto";1
0,809083;0,1;12;0,8;0,5;"multi:softmax";"mlogloss";3;2;"auto";1
0,801772;0,1;12;0,8;0,6;"multi:softmax";"mlogloss";3;2;"auto";1
0,794173;0,1;12;0,8;0,7;"multi:softmax";"mlogloss";3;2;"auto";1
0,804676;0,1;12;0,8;0,8;"multi:softmax";"mlogloss";3;2;"auto";1
0,805954;0,1;12;0,8;0,9;"multi:softmax";"mlogloss";3;2;"auto";1
0,801741;0,1;12;0,8;1;"multi:softmax";"mlogloss";3;2;"auto";1
0,807894;0,1;12;0,9;0,1;"multi:softmax";"mlogloss";3;2;"auto";1
0,787673;0,1;12;0,9;0,2;"multi:softmax";"mlogloss";3;2;"auto";1
0,795384;0,1;12;0,9;0,3;"multi:softmax";"mlogloss";3;2;"auto";1
0,793768;0,1;12;0,9;0,4;"multi:softmax";"mlogloss";3;2;"auto";1
0,801047;0,1;12;0,9;0,5;"multi:softmax";"mlogloss";3;2;"auto";1
0,797628;0,1;12;0,9;0,6;"multi:softmax";"mlogloss";3;2;"auto";1
0,803524;0,1;12;0,9;0,7;"multi:softmax";"mlogloss";3;2;"auto";1
0,809652;0,1;12;0,9;0,8;"multi:softmax";"mlogloss";3;2;"auto";1
0,806757;0,1;12;0,9;0,9;"multi:softmax";"mlogloss";3;2;"auto";1
0,808607;0,1;12;0,9;1;"multi:softmax";"mlogloss";3;2;"auto";1
0,812102;0,1;12;1;0,1;"multi:softmax";"mlogloss";3;2;"auto";1
0,799895;0,1;12;1;0,2;"multi:softmax";"mlogloss";3;2;"auto";1
0,787381;0,1;12;1;0,3;"multi:softmax";"mlogloss";3;2;"auto";1
0,799207;0,1;12;1;0,4;"multi:softmax";"mlogloss";3;2;"auto";1
0,797451;0,1;12;1;0,5;"multi:softmax";"mlogloss";3;2;"auto";1
0,803056;0,1;12;1;0,6;"multi:softmax";"mlogloss";3;2;"auto";1
0,80742;0,1;12;1;0,7;"multi:softmax";"mlogloss";3;2;"auto";1
0,811909;0,1;12;1;0,8;"multi:softmax";"mlogloss";3;2;"auto";1
0,811869;0,1;12;1;0,9;"multi:softmax";"mlogloss";3;2;"auto";1
0,806913;0,1;12;1;1;"multi:softmax";"mlogloss";3;2;"auto";1
0,871847;0,1;14;0,1;0,1;"multi:softmax";"mlogloss";3;2;"auto";1
0,832441;0,1;14;0,1;0,2;"multi:softmax";"mlogloss";3;2;"auto";1
0,827434;0,1;14;0,1;0,3;"multi:softmax";"mlogloss";3;2;"auto";1
0,819048;0,1;14;0,1;0,4;"multi:softmax";"mlogloss";3;2;"auto";1
0,809956;0,1;14;0,1;0,5;"multi:softmax";"mlogloss";3;2;"auto";1
0,817244;0,1;14;0,1;0,6;"multi:softmax";"mlogloss";3;2;"auto";1
0,825191;0,1;14;0,1;0,7;"multi:softmax";"mlogloss";3;2;"auto";1
0,815495;0,1;14;0,1;0,8;"multi:softmax";"mlogloss";3;2;"auto";1
0,832228;0,1;14;0,1;0,9;"multi:softmax";"mlogloss";3;2;"auto";1
0,819901;0,1;14;0,1;1;"multi:softmax";"mlogloss";3;2;"auto";1
0,829289;0,1;14;0,2;0,1;"multi:softmax";"mlogloss";3;2;"auto";1
0,81037;0,1;14;0,2;0,2;"multi:softmax";"mlogloss";3;2;"auto";1
0,80992;0,1;14;0,2;0,3;"multi:softmax";"mlogloss";3;2;"auto";1
0,800328;0,1;14;0,2;0,4;"multi:softmax";"mlogloss";3;2;"auto";1
0,796471;0,1;14;0,2;0,5;"multi:softmax";"mlogloss";3;2;"auto";1
0,807441;0,1;14;0,2;0,6;"multi:softmax";"mlogloss";3;2;"auto";1
0,810647;0,1;14;0,2;0,7;"multi:softmax";"mlogloss";3;2;"auto";1
0,810333;0,1;14;0,2;0,8;"multi:softmax";"mlogloss";3;2;"auto";1
0,806258;0,1;14;0,2;0,9;"multi:softmax";"mlogloss";3;2;"auto";1
0,80906;0,1;14;0,2;1;"multi:softmax";"mlogloss";3;2;"auto";1
0,824103;0,1;14;0,3;0,1;"multi:softmax";"mlogloss";3;2;"auto";1
0,79918;0,1;14;0,3;0,2;"multi:softmax";"mlogloss";3;2;"auto";1
0,813004;0,1;14;0,3;0,3;"multi:softmax";"mlogloss";3;2;"auto";1
0,796972;0,1;14;0,3;0,4;"multi:softmax";"mlogloss";3;2;"auto";1
0,794658;0,1;14;0,3;0,5;"multi:softmax";"mlogloss";3;2;"auto";1
0,787364;0,1;14;0,3;0,6;"multi:softmax";"mlogloss";3;2;"auto";1
0,808283;0,1;14;0,3;0,7;"multi:softmax";"mlogloss";3;2;"auto";1
0,801082;0,1;14;0,3;0,8;"multi:softmax";"mlogloss";3;2;"auto";1
0,800495;0,1;14;0,3;0,9;"multi:softmax";"mlogloss";3;2;"auto";1
0,801011;0,1;14;0,3;1;"multi:softmax";"mlogloss";3;2;"auto";1
0,822356;0,1;14;0,4;0,1;"multi:softmax";"mlogloss";3;2;"auto";1
0,806246;0,1;14;0,4;0,2;"multi:softmax";"mlogloss";3;2;"auto";1
0,791661;0,1;14;0,4;0,3;"multi:softmax";"mlogloss";3;2;"auto";1
0,776158;0,1;14;0,4;0,4;"multi:softmax";"mlogloss";3;2;"auto";1
0,796937;0,1;14;0,4;0,5;"multi:softmax";"mlogloss";3;2;"auto";1
0,796352;0,1;14;0,4;0,6;"multi:softmax";"mlogloss";3;2;"auto";1
0,803286;0,1;14;0,4;0,7;"multi:softmax";"mlogloss";3;2;"auto";1
0,80338;0,1;14;0,4;0,8;"multi:softmax";"mlogloss";3;2;"auto";1
0,798167;0,1;14;0,4;0,9;"multi:softmax";"mlogloss";3;2;"auto";1
0,798006;0,1;14;0,4;1;"multi:softmax";"mlogloss";3;2;"auto";1
0,817035;0,1;14;0,5;0,1;"multi:softmax";"mlogloss";3;2;"auto";1
0,803866;0,1;14;0,5;0,2;"multi:softmax";"mlogloss";3;2;"auto";1
0,800248;0,1;14;0,5;0,3;"multi:softmax";"mlogloss";3;2;"auto";1
0,779058;0,1;14;0,5;0,4;"multi:softmax";"mlogloss";3;2;"auto";1
0,798887;0,1;14;0,5;0,5;"multi:softmax";"mlogloss";3;2;"auto";1
0,786814;0,1;14;0,5;0,6;"multi:softmax";"mlogloss";3;2;"auto";1
0,797827;0,1;14;0,5;0,7;"multi:softmax";"mlogloss";3;2;"auto";1
0,799027;0,1;14;0,5;0,8;"multi:softmax";"mlogloss";3;2;"auto";1
0,795598;0,1;14;0,5;0,9;"multi:softmax";"mlogloss";3;2;"auto";1
0,80354;0,1;14;0,5;1;"multi:softmax";"mlogloss";3;2;"auto";1
0,822754;0,1;14;0,6;0,1;"multi:softmax";"mlogloss";3;2;"auto";1
0,77931;0,1;14;0,6;0,2;"multi:softmax";"mlogloss";3;2;"auto";1
0,787329;0,1;14;0,6;0,3;"multi:softmax";"mlogloss";3;2;"auto";1
0,787899;0,1;14;0,6;0,4;"multi:softmax";"mlogloss";3;2;"auto";1
0,786099;0,1;14;0,6;0,5;"multi:softmax";"mlogloss";3;2;"auto";1
0,795843;0,1;14;0,6;0,6;"multi:softmax";"mlogloss";3;2;"auto";1
0,78919;0,1;14;0,6;0,7;"multi:softmax";"mlogloss";3;2;"auto";1
0,807466;0,1;14;0,6;0,8;"multi:softmax";"mlogloss";3;2;"auto";1
0,800365;0,1;14;0,6;0,9;"multi:softmax";"mlogloss";3;2;"auto";1
0,810838;0,1;14;0,6;1;"multi:softmax";"mlogloss";3;2;"auto";1
0,813412;0,1;14;0,7;0,1;"multi:softmax";"mlogloss";3;2;"auto";1
0,788198;0,1;14;0,7;0,2;"multi:softmax";"mlogloss";3;2;"auto";1
0,789626;0,1;14;0,7;0,3;"multi:softmax";"mlogloss";3;2;"auto";1
0,794984;0,1;14;0,7;0,4;"multi:softmax";"mlogloss";3;2;"auto";1
0,794343;0,1;14;0,7;0,5;"multi:softmax";"mlogloss";3;2;"auto";1
0,797928;0,1;14;0,7;0,6;"multi:softmax";"mlogloss";3;2;"auto";1
0,788117;0,1;14;0,7;0,7;"multi:softmax";"mlogloss";3;2;"auto";1
0,806131;0,1;14;0,7;0,8;"multi:softmax";"mlogloss";3;2;"auto";1
0,798355;0,1;14;0,7;0,9;"multi:softmax";"mlogloss";3;2;"auto";1
0,802905;0,1;14;0,7;1;"multi:softmax";"mlogloss";3;2;"auto";1
0,806827;0,1;14;0,8;0,1;"multi:softmax";"mlogloss";3;2;"auto";1
0,787975;0,1;14;0,8;0,2;"multi:softmax";"mlogloss";3;2;"auto";1
0,786949;0,1;14;0,8;0,3;"multi:softmax";"mlogloss";3;2;"auto";1
0,793799;0,1;14;0,8;0,4;"multi:softmax";"mlogloss";3;2;"auto";1
0,792911;0,1;14;0,8;0,5;"multi:softmax";"mlogloss";3;2;"auto";1
0,801072;0,1;14;0,8;0,6;"multi:softmax";"mlogloss";3;2;"auto";1
0,807368;0,1;14;0,8;0,7;"multi:softmax";"mlogloss";3;2;"auto";1
0,802747;0,1;14;0,8;0,8;"multi:softmax";"mlogloss";3;2;"auto";1
0,815803;0,1;14;0,8;0,9;"multi:softmax";"mlogloss";3;2;"auto";1
0,800384;0,1;14;0,8;1;"multi:softmax";"mlogloss";3;2;"auto";1
0,801142;0,1;14;0,9;0,1;"multi:softmax";"mlogloss";3;2;"auto";1
0,794551;0,1;14;0,9;0,2;"multi:softmax";"mlogloss";3;2;"auto";1
0,792393;0,1;14;0,9;0,3;"multi:softmax";"mlogloss";3;2;"auto";1
0,796523;0,1;14;0,9;0,4;"multi:softmax";"mlogloss";3;2;"auto";1
0,789866;0,1;14;0,9;0,5;"multi:softmax";"mlogloss";3;2;"auto";1
0,794789;0,1;14;0,9;0,6;"multi:softmax";"mlogloss";3;2;"auto";1
0,794101;0,1;14;0,9;0,7;"multi:softmax";"mlogloss";3;2;"auto";1
0,807969;0,1;14;0,9;0,8;"multi:softmax";"mlogloss";3;2;"auto";1
0,803039;0,1;14;0,9;0,9;"multi:softmax";"mlogloss";3;2;"auto";1
0,810284;0,1;14;0,9;1;"multi:softmax";"mlogloss";3;2;"auto";1
0,813047;0,1;14;1;0,1;"multi:softmax";"mlogloss";3;2;"auto";1
0,791892;0,1;14;1;0,2;"multi:softmax";"mlogloss";3;2;"auto";1
0,790405;0,1;14;1;0,3;"multi:softmax";"mlogloss";3;2;"auto";1
0,794147;0,1;14;1;0,4;"multi:softmax";"mlogloss";3;2;"auto";1
0,799746;0,1;14;1;0,5;"multi:softmax";"mlogloss";3;2;"auto";1
0,800673;0,1;14;1;0,6;"multi:softmax";"mlogloss";3;2;"auto";1
0,807029;0,1;14;1;0,7;"multi:softmax";"mlogloss";3;2;"auto";1
0,808925;0,1;14;1;0,8;"multi:softmax";"mlogloss";3;2;"auto";1
0,80608;0,1;14;1;0,9;"multi:softmax";"mlogloss";3;2;"auto";1
0,80712;0,1;14;1;1;"multi:softmax";"mlogloss";3;2;"auto";1
